{
	"timestamp_rfc3339": "2025-09-21T14:26:46+03:00",
	"label": "",
	"use_gpu": true,
	"gpu_device": 0,
	"gpu_name": "NVIDIA A100 80GB PCIe",
	"model_path": "models/ggml-large-v3-turbo.bin",
	"model_language": "ru",
	"wav_path": "testdata/out.wav",
	"wav_sha256": "6d75742cda067ce76dd9eb1ba324a5a72522d374020e72000b5b31f3f08878c4",
	"wav_duration_seconds": 1392.2104375,
	"threads": 16,
	"sampling_strategy": "greedy",
	"parameters": {
		"no_context": "true",
		"split_on_word": "true"
	},
	"runs": [
		{
			"processing_seconds": 18.627834622,
			"real_time_factor": 0.013380042355845364,
			"segments_decoded": 47
		}
	],
	"avg_processing_seconds": 18.627834622,
	"avg_real_time_factor": 0.013380042355845364,
	"wall_seconds_per_audio_hour": 48.16815248104331,
	"peak_rss_mb": 451.54296875,
	"cpu_model": "Intel Xeon Processor (Icelake)",
	"cpu_num_logical": 16,
	"os": "linux",
	"arch": "amd64",
	"monthly_price_usd": 1600,
	"cost_per_audio_hour_usd": 0.029733427457434142
}