{
  "timestamp_rfc3339": "2025-09-21T00:27:53+03:00",
  "label": "",
  "use_gpu": true,
  "gpu_device": 0,
  "gpu_name": "NVIDIA A2",
  "model_path": "models/ggml-large-v3-turbo.bin",
  "model_language": "ru",
  "wav_path": "testdata/out.wav",
  "wav_sha256": "6d75742cda067ce76dd9eb1ba324a5a72522d374020e72000b5b31f3f08878c4",
  "wav_duration_seconds": 1392.2104375,
  "threads": 4,
  "sampling_strategy": "greedy",
  "parameters": {
    "no_context": "true",
    "split_on_word": "true"
  },
  "runs": [
    {
      "processing_seconds": 77.544381652,
      "real_time_factor": 0.05569875039239534,
      "segments_decoded": 47
    }
  ],
  "avg_processing_seconds": 77.544381652,
  "avg_real_time_factor": 0.05569875039239534,
  "wall_seconds_per_audio_hour": 200.51550141262322,
  "peak_rss_mb": 448.796875,
  "cpu_model": "Intel Xeon Processor (Icelake)",
  "cpu_num_logical": 4,
  "os": "linux",
  "arch": "amd64",
  "monthly_price_usd": 163,
  "cost_per_audio_hour_usd": 0.012609578213833943
}
