{
	"timestamp_rfc3339": "2025-09-21T00:30:36+03:00",
	"label": "",
	"use_gpu": true,
	"gpu_device": 0,
	"gpu_name": "NVIDIA A2",
	"model_path": "models/ggml-large-v3-turbo.bin",
	"model_language": "ru",
	"wav_path": "testdata/out.wav",
	"wav_sha256": "6d75742cda067ce76dd9eb1ba324a5a72522d374020e72000b5b31f3f08878c4",
	"wav_duration_seconds": 1392.2104375,
	"threads": 4,
	"sampling_strategy": "beam",
	"parameters": {
		"no_context": "true",
		"split_on_word": "true"
	},
	"runs": [
		{
			"processing_seconds": 85.427827329,
			"real_time_factor": 0.06136128923325932,
			"segments_decoded": 47
		}
	],
	"avg_processing_seconds": 85.427827329,
	"avg_real_time_factor": 0.06136128923325932,
	"wall_seconds_per_audio_hour": 220.90064123973355,
	"peak_rss_mb": 447.2890625,
	"cpu_model": "Intel Xeon Processor (Icelake)",
	"cpu_num_logical": 4,
	"os": "linux",
	"arch": "amd64",
	"monthly_price_usd": 163,
	"cost_per_audio_hour_usd": 0.01389151409030732
}