{
	"timestamp_rfc3339": "2025-09-21T00:46:03+03:00",
	"label": "",
	"use_gpu": true,
	"gpu_device": 0,
	"gpu_name": "NVIDIA GeForce RTX 3080",
	"model_path": "models/ggml-large-v3-turbo.bin",
	"model_language": "ru",
	"wav_path": "testdata/out.wav",
	"wav_sha256": "6d75742cda067ce76dd9eb1ba324a5a72522d374020e72000b5b31f3f08878c4",
	"wav_duration_seconds": 1392.2104375,
	"threads": 8,
	"sampling_strategy": "beam",
	"parameters": {
		"no_context": "true",
		"split_on_word": "true"
	},
	"runs": [
		{
			"processing_seconds": 34.312069988,
			"real_time_factor": 0.024645749711239326,
			"segments_decoded": 47
		}
	],
	"avg_processing_seconds": 34.312069988,
	"avg_real_time_factor": 0.024645749711239326,
	"wall_seconds_per_audio_hour": 88.72469896046157,
	"peak_rss_mb": 462.44921875,
	"cpu_model": "Intel Xeon Processor (Cascadelake)",
	"cpu_num_logical": 8,
	"os": "linux",
	"arch": "amd64",
	"monthly_price_usd": 310,
	"cost_per_audio_hour_usd": 0.01061136445900582
}